USE vk;

-- users
INSERT IGNORE INTO users (`id`,`firstname`,`lastname`,`email`,`phone`) VALUES 
(1,"Deacon","Best","sit@Sed.com","89346945684"),
(2,"Venus","Tillman","tempus.non.lacinia@ipsum.net","89678509641"),
(3,"Yuri","Pratt","nec.tempus.scelerisque@Donecdignissim.edu","89984538958"),
(4,"Tatyana","Stewart","ligula.eu.enim@ultriciesadipiscing.co.uk","89774293143"),
(5,"Ryan","Snider","mus.Proin.vel@velitAliquamnisl.com","89664170468"),
(6,"Teegan","Perry","nec.eleifend@massaVestibulum.edu","89550297976"),
(7,"Ivory","Cline","ipsum@ultricessitamet.ca","89286222200"),
(8,"Basil","Roberts","tempor.lorem.eget@neque.com","89960591639"),
(9,"Alexander","Bonner","Quisque.nonummy.ipsum@mollis.edu","89287891184"),
(10,"Christopher","Kinney","rhoncus.Proin@in.com","89819805694"),
(11,"Brody","Copeland","dis.parturient@Innec.edu","89038374294"),
(12,"Colleen","Horne","dui@feugiatnecdiam.com","89847343598"),
(13,"Haviva","Dickerson","Nulla.facilisi@consectetuereuismod.net","89391872237"),
(14,"Lamar","Serrano","rhoncus.id@placeratvelit.org","89588182203"),
(15,"Jaden","Crosby","vel@Mauris.edu","89686121146"),
(16,"Kimberley","Santos","egestas.nunc.sed@tinciduntvehicula.ca","89974480926"),
(17,"Marcia","Bonner","gravida.nunc.sed@Morbimetus.co.uk","89612860060"),
(18,"Germaine","Maddox","ultrices@vehicula.ca","89128576448"),
(19,"Perry","Baker","consectetuer.mauris@Morbisit.net","89630015429"),
(20,"Barry","Cortez","molestie.orci@risusQuisquelibero.edu","89855607379"),
(21,"Gabriel","Fischer","turpis.Nulla@molestiesodalesMauris.com","89222193635"),
(22,"Hiram","Chavez","quam.vel@purusinmolestie.ca","89323504058"),
(23,"Basia","Wallace","nonummy.ut.molestie@loremvehiculaet.ca","89201424009"),
(24,"Mariam","Schultz","sagittis@venenatis.net","89694095067"),
(25,"Rebecca","Hayes","hendrerit.a.arcu@lectuspedeultrices.co.uk","89517807104"),
(26,"Keiko","Decker","quis.lectus@utcursus.net","89202686973"),
(27,"Malcolm","Stout","adipiscing@necante.com","89818650138"),
(28,"Ruth","Mcmahon","pede.blandit.congue@pedeblanditcongue.ca","89748771587"),
(29,"Christopher","Conrad","enim.non.nisi@vitaeorciPhasellus.co.uk","89665640516"),
(30,"Carter","Lynch","sed.dui.Fusce@fringilla.co.uk","89629710910"),
(31,"Ahmed","Simpson","elementum@facilisiSed.edu","89410509338"),
(32,"Britanney","Fulton","vel.lectus.Cum@et.net","89704936339"),
(33,"Charity","Walters","Phasellus@atfringillapurus.com","89265930327"),
(34,"Venus","Juarez","torquent@Inatpede.co.uk","89952029962"),
(35,"Cora","Armstrong","pharetra.nibh@fringillaest.ca","89670544229"),
(36,"Evangeline","King","Maecenas.iaculis@sedconsequatauctor.net","89940312494"),
(37,"Beatrice","Lane","Donec.nibh@mauris.net","89607473348"),
(38,"Clio","Tate","velit.in.aliquet@dolorsit.ca","89864626118"),
(39,"Mason","Dale","nec@ac.org","89308664419"),
(40,"Byron","Ayers","nec.quam@ametrisusDonec.ca","89208895254"),
(41,"Carla","Knowles","In@egestasligula.edu","89302632608"),
(42,"Margaret","Walter","at@vitaevelit.edu","89887954481"),
(43,"Regan","Gilliam","Pellentesque@luctusvulputate.ca","89353089206"),
(44,"Wylie","Barrett","arcu@metus.net","89483151098"),
(45,"Hyatt","Briggs","ligula.Aenean.gravida@estac.com","89627869316"),
(46,"Ina","Harper","augue.malesuada.malesuada@orci.co.uk","89554934715"),
(47,"August","Wheeler","senectus@egetmassaSuspendisse.net","89085719557"),
(48,"Dakota","Mclean","adipiscing.elit@euismodetcommodo.org","89271032797"),
(49,"Harding","Arnold","Nulla@pharetrasedhendrerit.ca","89896196443"),
(50,"Bruce","Schwartz","Praesent@dolorsit.co.uk","89739629945");
-- users ok

-- media_types
INSERT IGNORE INTO media_types (`id`,`name`) VALUES 
(1,"foto"),
(2,"audio"),
(3,"video"),
(4,"docs");
-- media_types ok

-- communities
INSERT IGNORE INTO `communities` (`id`,`name`,`admin_user_id`) VALUES 
(1,"facilisis lorem tristique","01"),
(2,"est, mollis","05"),
(3,"morbi tristique","03"),
(4,"nisl elementum","01"),
(5,"Mauris","43"),
(6,"Curae;","41"),
(7,"risus a ultricies","41"),
(8,"lacinia","48"),
(9,"et,","47"),
(10,"bibendum ullamcorper. Duis","05"),
(11,"iaculis enim, sit","03"),
(12,"molestie tortor","42"),
(13,"sapien","43"),
(14,"quam","46"),
(15,"dui, nec","43"),
(16,"dis parturient montes,","46"),
(17,"Duis cursus,","44"),
(18,"Mauris non dui","42"),
(19,"sollicitudin adipiscing ligula.","03"),
(20,"Proin","01"),
(21,"Vivamus euismod","48"),
(22,"lectus","42"),
(23,"amet, faucibus ut,","02"),
(24,"sed,","48"),
(25,"nascetur","44"),
(26,"natoque penatibus et","40"),
(27,"nec tellus. Nunc","09"),
(28,"elit, a feugiat","47"),
(29,"leo.","49"),
(30,"Quisque fringilla euismod","40"),
(31,"Proin vel arcu","47"),
(32,"odio sagittis semper.","01"),
(33,"rutrum magna. Cras","46"),
(34,"dui. Fusce","03"),
(35,"ut, molestie","06"),
(36,"Aliquam erat","01"),
(37,"nec, imperdiet nec,","42"),
(38,"justo sit amet","46"),
(39,"viverra.","02"),
(40,"ipsum","03"),
(41,"Donec nibh. Quisque","05"),
(42,"eget,","42"),
(43,"ligula consectetuer rhoncus.","04"),
(44,"justo.","08"),
(45,"est ac","01"),
(46,"malesuada fringilla est.","42"),
(47,"nisl. Nulla","47"),
(48,"lacinia orci,","44"),
(49,"inceptos","02"),
(50,"nec","42");
-- communities ok

-- towns
INSERT IGNORE INTO `towns` (`id`,`name`) VALUES 
(1,"Leicester"),
(2,"Sankt Ingbert"),
(3,"Orp-le-Grand"),
(4,"Manaure"),
(5,"Gary"),
(6,"Abbateggio"),
(7,"Ciudad Madero"),
(8,"Missoula"),
(9,"Orsk"),
(10,"Ozyory"),
(11,"Redcliffe"),
(12,"Pincher Creek"),
(13,"St. Veit an der Glan"),
(14,"Arauco"),
(15,"Ostrowiec Świętokrzyski"),
(16,"Chilliwack"),
(17,"Perth"),
(18,"Ikot Ekpene"),
(19,"Fürth"),
(20,"Bellevue"),
(21,"Ancaster Town"),
(22,"Carson City"),
(23,"Cannole"),
(24,"Plato"),
(25,"Asigliano Veneto"),
(26,"Yeoju"),
(27,"Cartago"),
(28,"Cetara"),
(29,"Gembloux"),
(30,"Novosibirsk"),
(31,"Bahawalpur"),
(32,"Bacabal"),
(33,"Augusta"),
(34,"Saint-Denis"),
(35,"Lochristi"),
(36,"Carapicuíba"),
(37,"Thalassery"),
(38,"Chernogolovka"),
(39,"Florenville"),
(40,"Villers-la-Loue"),
(41,"Gijón"),
(42,"Cherbourg-Octeville"),
(43,"Lahore"),
(44,"Maullín"),
(45,"Pollein"),
(46,"Ghotki"),
(47,"Dietzenbach"),
(48,"Río Hurtado"),
(49,"Sefro"),
(50,"Pugwash");
-- towns ok

-- user_of_town
INSERT IGNORE INTO `user_of_town` (`id`,`user_id`,`town_id`) VALUES 
(1,1,9),
(2,2,19),
(3,3,19),
(4,4,10),
(5,5,48),
(6,6,21),
(7,7,31),
(8,8,23),
(9,9,40),
(10,10,40),
(11,11,21),
(12,12,44),
(13,13,48),
(14,14,22),
(15,15,22),
(16,16,34),
(17,17,6),
(18,18,7),
(19,19,29),
(20,20,34),
(21,21,40),
(22,22,32),
(23,23,4),
(24,24,12),
(25,25,39),
(26,26,13),
(27,27,1),
(28,28,30),
(29,29,22),
(30,30,50),
(31,31,4),
(32,32,47),
(33,33,42),
(34,34,11),
(35,35,30),
(36,36,28),
(37,37,19),
(38,38,37),
(39,39,4),
(40,40,45),
(41,41,11),
(42,42,41),
(43,43,44),
(44,44,23),
(45,45,36),
(46,46,1),
(47,47,48),
(48,48,25),
(49,49,12),
(50,50,6);
-- user_of_town ok

-- profiles
INSERT IGNORE INTO `profiles` (`user_id`,`gender`,`birthday`) VALUES 
(1,'m',"2013.10.14"),
(2,'m',"2009.05.05"),
(3,'w',"1959.04.26"),
(4,'w',"1993.05.29"),
(5,'w',"1965.10.07"),
(6,'w',"2014.08.16"),
(7,'w',"2003.02.17"),
(8,'m',"1985.05.26"),
(9,'w',"1992.06.13"),
(10,'m',"2004.03.18"),
(11,'m',"2007.10.14"),
(12,'m',"1965.02.27"),
(13,'w',"1969.01.23"),
(14,'w',"1964.01.16"),
(15,'w',"1959.11.19"),
(16,'w',"1973.02.13"),
(17,'m',"1977.01.24"),
(18,'w',"2010.10.23"),
(19,'w',"1983.03.17"),
(20,'m',"1992.09.20"),
(21,'w',"2002.03.25"),
(22,'m',"1988.12.30"),
(23,'m',"1980.10.05"),
(24,'w',"1974.06.05"),
(25,'w',"2001.01.09"),
(26,'m',"1974.12.12"),
(27,'m',"1993.08.14"),
(28,'m',"1958.11.17"),
(29,'w',"1977.12.08"),
(30,'w',"1959.09.06"),
(31,'m',"1981.01.02"),
(32,'w',"2005.01.16"),
(33,'w',"1974.08.28"),
(34,'w',"1990.02.14"),
(35,'w',"1981.01.26"),
(36,'m',"1991.03.25"),
(37,'w',"1960.10.18"),
(38,'w',"1981.01.14"),
(39,'w',"1980.03.10"),
(40,'m',"1986.08.19"),
(41,'m',"1975.05.17"),
(42,'w',"1975.02.17"),
(43,'w',"1995.08.19"),
(44,'m',"1978.09.28"),
(45,'m',"1959.07.10"),
(46,'m',"1981.08.08"),
(47,'m',"1961.08.14"),
(48,'w',"2007.08.15"),
(49,'w',"1981.04.30"),
(50,'w',"1971.05.30");
-- profiles ok

-- messages   специально добавил даты из будущего, чтобы проверить 4 задание
INSERT IGNORE INTO `messages` (`id`,`from_user_id`,`to_user_id`,`body`,`created_at`) VALUES 
(1,8,37,"posuere vulputate, lacus. Cras interdum.","2013.03.04"),
(2,13,16,"dolor. Fusce feugiat. Lorem ipsum dolor sit","2019.11.25"),
(3,20,27,"felis. Nulla tempor augue ac","2017.10.11"),
(4,46,45,"Donec at arcu. Vestibulum ante ipsum","2010.01.23"),
(5,9,21,"pretium aliquet, metus urna convallis erat, eget tincidunt dui","2021.08.30"),
(6,3,30,"metus. In nec orci. Donec nibh. Quisque","2020.06.09"),
(7,9,25,"Aliquam erat volutpat. Nulla facilisis. Suspendisse commodo tincidunt nibh.","2014.01.23"),
(8,11,15,"dolor dolor, tempus non, lacinia","2014.10.07"),
(9,35,43,"Integer sem elit, pharetra ut, pharetra sed, hendrerit a, arcu.","2019.08.13"),
(10,14,7,"amet risus. Donec","2017.03.10"),
(11,8,39,"erat semper rutrum.","2020.03.11"),
(12,31,48,"enim non nisi. Aenean eget metus. In nec orci.","2011.01.23"),
(13,32,41,"et pede.","2013.09.01"),
(14,47,16,"Donec","2016.05.14"),
(15,25,15,"quis, pede. Suspendisse dui. Fusce diam","2014.03.01"),
(16,47,38,"Aliquam gravida mauris ut mi.","2016.10.25"),
(17,3,23,"sociis natoque penatibus et magnis dis parturient montes,","2011.03.18"),
(18,24,10,"a,","2013.10.03"),
(19,18,33,"dolor.","2020.02.11"),
(20,13,10,"turpis vitae purus gravida sagittis. Duis gravida. Praesent","2021.07.29"),
(21,24,20,"Phasellus at augue id ante dictum cursus. Nunc","2020.05.21"),
(22,44,48,"Proin vel nisl. Quisque fringilla euismod enim. Etiam gravida","2013.01.01"),
(23,14,38,"egestas. Aliquam nec enim. Nunc","2012.05.23"),
(24,1,3,"Suspendisse eleifend.","2017.02.12"),
(25,10,3,"hendrerit id, ante. Nunc mauris sapien, cursus","2017.06.17"),
(26,25,32,"ut eros","2014.10.08"),
(27,3,40,"imperdiet ullamcorper. Duis at","2012.04.20"),
(28,13,18,"pretium aliquet, metus urna convallis erat,","2019.04.02"),
(29,29,13,"Nulla facilisi. Sed neque.","2018.07.21"),
(30,30,34,"rutrum","2016.01.08"),
(31,35,45,"Ut tincidunt orci quis lectus. Nullam suscipit, est","2016.01.26"),
(32,27,41,"laoreet, libero et tristique pellentesque, tellus sem mollis","2011.04.05"),
(33,37,12,"est arcu ac orci. Ut semper pretium","2021.11.17"),
(34,33,47,"vel lectus. Cum","2016.07.21"),
(35,39,4,"sagittis. Nullam vitae diam. Proin","2020.04.30"),
(36,43,21,"Duis at lacus. Quisque purus sapien, gravida non, sollicitudin","2019.10.09"),
(37,41,14,"quam a felis ullamcorper viverra. Maecenas iaculis","2019.10.22"),
(38,39,49,"tincidunt, nunc ac","2018.06.26"),
(39,18,50,"amet, consectetuer adipiscing elit. Etiam","2013.03.10"),
(40,33,36,"ante ipsum primis in faucibus orci luctus et ultrices","2021.09.02"),
(41,41,34,"pede, ultrices a, auctor non, feugiat nec, diam. Duis mi","2015.04.03"),
(42,30,5,"fringilla, porttitor vulputate,","2021.07.26"),
(43,32,31,"Donec tincidunt. Donec vitae erat vel pede","2019.10.24"),
(44,2,48,"sodales at, velit.","2020.01.27"),
(45,2,1,"vitae odio sagittis semper. Nam tempor diam dictum","2013.03.22"),
(46,7,25,"adipiscing non, luctus sit amet, faucibus ut, nulla. Cras eu","2014.02.24"),
(47,23,50,"Mauris magna. Duis dignissim","2011.07.15"),
(48,7,45,"at, libero. Morbi accumsan laoreet","2011.04.22"),
(49,22,4,"at auctor ullamcorper, nisl arcu iaculis enim, sit amet","2014.10.05"),
(50,15,3,"volutpat. Nulla facilisis. Suspendisse commodo tincidunt nibh. Phasellus nulla. Integer","2010.10.09");
-- messages ok

-- chat
INSERT IGNORE INTO chat (`id`,`name`,`admin_user_id`,`from_user_id`,`body`) VALUES 
(1,"mus. Aenean eget",47,8,"aliquet, metus urna convallis erat, eget tincidunt dui augue"),
(2,"cursus, diam at",27,23,"dictum magna."),
(3,"rutrum, justo.",41,46,"est, mollis"),
(4,"mauris a",31,38,"penatibus et magnis dis"),
(5,"vitae purus gravida",37,1,"sed,"),
(6,"Sed",33,26,"at auctor ullamcorper, nisl arcu"),
(7,"felis. Donec",50,6,"pretium neque. Morbi quis urna. Nunc quis arcu vel quam"),
(8,"Sed",13,28,"at, libero. Morbi accumsan"),
(9,"rhoncus id,",25,7,"ligula consectetuer rhoncus. Nullam velit dui, semper et,"),
(10,"non sapien molestie",5,32,"sagittis placerat. Cras dictum ultricies ligula. Nullam enim. Sed nulla"),
(11,"augue",48,43,"commodo ipsum. Suspendisse non leo. Vivamus nibh dolor, nonummy ac,"),
(12,"luctus,",7,31,"amet, consectetuer"),
(13,"senectus et netus",9,40,"arcu vel quam dignissim pharetra. Nam ac"),
(14,"malesuada.",42,22,"Praesent interdum ligula eu enim."),
(15,"non,",26,45,"porttitor tellus non magna. Nam ligula elit, pretium et, rutrum"),
(16,"accumsan",21,4,"ipsum dolor sit amet, consectetuer adipiscing elit. Etiam"),
(17,"mauris sapien, cursus",41,44,"sociosqu ad litora torquent"),
(18,"mus. Donec dignissim",44,34,"lacinia"),
(19,"luctus et ultrices",1,41,"fringilla mi lacinia mattis."),
(20,"Curae; Donec",32,31,"amet massa."),
(21,"lectus justo",19,18,"Duis dignissim tempor arcu."),
(22,"tellus sem mollis",29,4,"fringilla. Donec feugiat metus sit amet ante. Vivamus non"),
(23,"Aliquam erat volutpat.",25,39,"ut, sem. Nulla"),
(24,"arcu eu",47,48,"velit"),
(25,"ante bibendum ullamcorper.",35,4,"natoque penatibus"),
(26,"et magnis dis",41,40,"mauris blandit mattis. Cras eget nisi dictum augue malesuada malesuada."),
(27,"vulputate, nisi",49,15,"In condimentum."),
(28,"orci. Phasellus",5,32,"ante blandit viverra. Donec tempus, lorem"),
(29,"non",2,6,"Nulla facilisi. Sed neque. Sed eget lacus."),
(30,"Nulla eu neque",45,33,"natoque penatibus"),
(31,"In nec orci.",29,33,"fermentum metus. Aenean sed pede nec"),
(32,"pede. Suspendisse",41,32,"velit. Cras lorem lorem, luctus ut,"),
(33,"scelerisque scelerisque dui.",8,20,"velit. Pellentesque ultricies dignissim lacus. Aliquam rutrum lorem ac risus."),
(34,"faucibus orci luctus",22,19,"euismod est arcu ac orci. Ut semper pretium neque."),
(35,"felis. Nulla tempor",31,22,"Vivamus molestie"),
(36,"diam",49,29,"quis urna. Nunc quis arcu vel"),
(37,"diam luctus",9,16,"metus. Aenean sed"),
(38,"Nulla",1,2,"euismod urna. Nullam lobortis quam a felis ullamcorper viverra. Maecenas"),
(39,"vulputate",17,44,"tellus. Suspendisse sed dolor. Fusce mi lorem, vehicula"),
(40,"ante. Vivamus",43,44,"ut odio vel est tempor bibendum. Donec"),
(41,"eu",32,33,"Nam interdum enim non nisi. Aenean"),
(42,"a, dui. Cras",24,46,"metus. Aenean sed pede nec ante blandit viverra. Donec tempus,"),
(43,"Etiam vestibulum",46,5,"Cras convallis convallis dolor. Quisque"),
(44,"eu elit.",15,45,"Donec tempor, est ac mattis semper, dui lectus rutrum"),
(45,"ipsum. Donec",44,45,"lectus convallis"),
(46,"massa",42,50,"lectus rutrum urna,"),
(47,"Quisque",1,8,"fermentum arcu. Vestibulum ante ipsum primis in faucibus"),
(48,"sem,",26,24,"Mauris non dui nec urna suscipit"),
(49,"Suspendisse ac metus",22,2,"lacinia at, iaculis"),
(50,"tempor lorem, eget",10,35,"a purus. Duis elementum, dui quis accumsan");
-- chat ok

-- chat_info
INSERT IGNORE INTO `chat_info` (`user_id`,`chat_id`) VALUES 
(14,33),
(40,47),
(16,44),
(6,30),
(5,43),
(33,33),
(34,35),
(20,5),
(19,15),
(8,8),
(37,4),
(45,46),
(39,34),
(49,29),
(38,10),
(50,1),
(8,41),
(29,16),
(45,16),
(23,1),
(32,14),
(4,17),
(28,48),
(45,28),
(44,19),
(13,34),
(45,3),
(41,12),
(35,21),
(46,23),
(13,20),
(27,43),
(13,34),
(17,50),
(22,14),
(31,11),
(49,20),
(12,24),
(2,10),
(5,17),
(16,10),
(44,43),
(45,18),
(23,42),
(34,46),
(45,20),
(36,9),
(18,27),
(50,10),
(18,7);
-- chat_info ok

-- media
INSERT IGNORE INTO `media` (`id`,`user_id`,`media_type_id`,`body`,`filename`) VALUES 
(1,25,4,"Morbi metus.","taciti sociosqu ad"),
(2,49,4,"ut quam vel","mus."),
(3,6,3,"sit","Nunc"),
(4,4,4,"diam eu dolor","enim nec tempus"),
(5,39,4,"ut dolor","Vivamus molestie dapibus"),
(6,12,3,"accumsan convallis,","lacus pede"),
(7,44,2,"lacus. Quisque","vel pede"),
(8,20,1,"ullamcorper eu,","amet"),
(9,12,3,"convallis, ante lectus","vulputate ullamcorper"),
(10,3,4,"ante lectus convallis","sapien."),
(11,38,3,"tincidunt,","In scelerisque scelerisque"),
(12,28,4,"tellus. Suspendisse","tortor."),
(13,44,3,"dictum","Mauris quis"),
(14,2,1,"cubilia Curae;","mattis. Cras eget"),
(15,12,3,"libero","imperdiet,"),
(16,25,1,"euismod et,","eu turpis."),
(17,21,3,"scelerisque dui. Suspendisse","vulputate dui,"),
(18,32,2,"Donec","odio, auctor vitae,"),
(19,35,1,"erat","Sed nulla ante,"),
(20,2,3,"orci. Ut","felis. Nulla tempor"),
(21,13,4,"orci lacus","tristique senectus et"),
(22,1,3,"lacus,","turpis. Nulla aliquet."),
(23,39,1,"nisl elementum","nec"),
(24,12,2,"Suspendisse aliquet","ipsum. Curabitur"),
(25,11,2,"Sed","tellus"),
(26,20,1,"senectus et","erat."),
(27,10,4,"vel, convallis in,","aliquam"),
(28,18,1,"interdum enim","Duis"),
(29,2,1,"mattis semper,","nisl sem,"),
(30,44,1,"arcu vel","felis purus ac"),
(31,16,3,"fringilla cursus purus.","magna. Suspendisse tristique"),
(32,37,3,"semper.","sollicitudin adipiscing ligula."),
(33,8,2,"eu dolor egestas","pellentesque eget,"),
(34,11,3,"molestie","urna suscipit"),
(35,7,2,"commodo","Curae; Donec tincidunt."),
(36,13,2,"libero lacus,","at auctor"),
(37,8,4,"eget","mauris"),
(38,17,4,"habitant morbi tristique","ullamcorper magna. Sed"),
(39,50,3,"congue, elit","purus."),
(40,45,3,"massa. Suspendisse","sit amet, consectetuer"),
(41,34,4,"Curabitur vel lectus.","Sed"),
(42,34,2,"sodales at, velit.","malesuada"),
(43,28,4,"Integer","metus."),
(44,27,2,"ipsum primis in","orci"),
(45,1,3,"consequat purus. Maecenas","Pellentesque habitant morbi"),
(46,2,2,"elementum,","Quisque ornare tortor"),
(47,12,1,"malesuada.","diam. Pellentesque"),
(48,14,1,"malesuada","Donec est mauris,"),
(49,46,3,"vitae erat","pretium"),
(50,31,2,"risus. Donec egestas.","quis,"),
(51,44,4,"Vestibulum accumsan neque","pretium neque. Morbi"),
(52,37,4,"orci. Ut","Donec luctus aliquet"),
(53,6,3,"tellus","mollis"),
(54,42,2,"euismod in, dolor.","turpis egestas."),
(55,45,3,"sociis natoque penatibus","iaculis"),
(56,37,3,"aliquet lobortis,","neque et"),
(57,38,4,"mi. Aliquam gravida","facilisis"),
(58,5,3,"mattis ornare, lectus","ultricies"),
(59,43,1,"Curabitur","elit,"),
(60,33,4,"eget","sit"),
(61,24,3,"vel,","eleifend"),
(62,13,3,"libero mauris, aliquam","libero dui nec"),
(63,34,2,"lorem, vehicula","ullamcorper, nisl arcu"),
(64,22,4,"Nullam ut nisi","Aliquam vulputate ullamcorper"),
(65,10,2,"ac metus vitae","nibh enim,"),
(66,20,2,"orci, consectetuer euismod","tristique neque venenatis"),
(67,42,1,"interdum ligula eu","quam quis"),
(68,43,3,"id nunc interdum","vehicula"),
(69,8,3,"a,","diam."),
(70,18,3,"semper","eleifend non, dapibus"),
(71,44,3,"magnis","libero mauris, aliquam"),
(72,21,3,"mauris blandit mattis.","enim nec"),
(73,5,1,"dolor quam,","tempus"),
(74,41,4,"eget,","mus."),
(75,45,3,"amet","semper egestas,"),
(76,43,4,"vel,","odio"),
(77,32,3,"Sed eu","torquent"),
(78,16,1,"blandit at,","Pellentesque habitant"),
(79,37,2,"molestie tortor nibh","Aliquam fringilla"),
(80,43,4,"sapien molestie","Class"),
(81,9,1,"rhoncus id, mollis","leo."),
(82,34,1,"mollis.","metus"),
(83,31,3,"ac mattis","dapibus"),
(84,15,3,"Suspendisse sagittis.","Donec nibh."),
(85,30,3,"sagittis. Nullam","hendrerit neque."),
(86,4,3,"sed dictum eleifend,","ultrices"),
(87,9,1,"nulla magna,","lobortis quam"),
(88,14,3,"consequat auctor,","ultricies"),
(89,29,1,"ac ipsum.","Aenean massa. Integer"),
(90,44,1,"In","mauris"),
(91,42,1,"Vestibulum accumsan","Suspendisse aliquet, sem"),
(92,18,1,"sagittis.","felis. Nulla"),
(93,26,2,"cursus a,","dui lectus"),
(94,39,2,"Duis cursus, diam","augue eu"),
(95,25,1,"ultricies adipiscing, enim","elementum purus, accumsan"),
(96,46,1,"in aliquet","Suspendisse sed"),
(97,30,4,"natoque","arcu. Vestibulum"),
(98,10,1,"interdum","feugiat. Sed nec"),
(99,32,1,"dolor,","ac libero nec"),
(100,46,2,"pede. Praesent eu","nec enim. Nunc");
-- media ok

-- users_communities
INSERT IGNORE INTO `users_communities` (`user_id`,`community_id`) VALUES 
(43,6),
(38,31),
(40,17),
(4,40),
(37,21),
(38,41),
(4,30),
(28,13),
(46,26),
(27,17),
(1,36),
(41,10),
(4,25),
(32,31),
(6,29),
(2,26),
(48,33),
(21,34),
(4,49),
(18,44),
(36,11),
(19,26),
(27,25),
(8,9),
(26,34),
(25,2),
(28,30),
(19,35),
(50,19),
(15,41),
(12,7),
(1,5),
(24,25),
(33,23),
(9,29),
(47,35),
(15,28),
(2,25),
(50,39),
(2,8),
(49,25),
(50,11),
(3,43),
(25,27),
(49,28),
(31,28),
(42,1),
(27,3),
(33,24),
(18,3),
(19,3),
(36,37),
(15,17),
(47,23),
(28,36),
(18,26),
(36,26),
(24,25),
(28,46),
(41,24),
(6,31),
(39,5),
(39,43),
(20,17),
(15,31),
(24,8),
(41,43),
(36,37),
(7,49),
(24,1),
(28,44),
(11,47),
(50,37),
(26,47),
(35,46),
(38,36),
(7,49),
(38,27),
(3,44),
(15,12),
(39,14),
(29,47),
(9,11),
(37,12),
(16,9),
(37,48),
(34,26),
(8,20),
(36,30),
(8,27),
(10,17),
(10,7),
(7,31),
(29,28),
(33,6),
(9,7),
(39,23),
(46,10),
(36,41),
(23,36);
-- users_communities ok

-- friend_requests
INSERT IGNORE INTO `friend_requests` (`initiator_user_id`,`target_user_id`,`status`) VALUES 
(41,18,'approved'),
(4,41,'requested'),
(13,25,'unfriended'),
(30,9,'unfriended'),
(9,19,'requested'),
(33,43,'requested'),
(21,29,'declined'),
(34,31,'declined'),
(10,40,'approved'),
(40,15,'requested'),
(18,38,'unfriended'),
(32,9,'unfriended'),
(43,45,'declined'),
(6,38,'unfriended'),
(24,46,'requested'),
(6,4,'unfriended'),
(42,10,'unfriended'),
(44,38,'unfriended'),
(44,2,'declined'),
(48,32,'unfriended'),
(50,18,'unfriended'),
(5,36,'requested'),
(1,41,'requested'),
(13,20,'approved'),
(48,20,'approved'),
(45,49,'approved'),
(31,14,'unfriended'),
(42,31,'approved'),
(34,39,'declined'),
(35,28,'requested'),
(45,20,'unfriended'),
(28,31,'unfriended'),
(49,13,'declined'),
(42,2,'unfriended'),
(28,46,'declined'),
(17,18,'approved'),
(50,36,'declined'),
(25,3,'requested'),
(27,13,'requested'),
(43,39,'approved'),
(33,29,'approved'),
(31,40,'unfriended'),
(16,38,'declined'),
(19,7,'unfriended'),
(15,41,'requested'),
(34,16,'approved'),
(41,28,'approved'),
(29,28,'unfriended'),
(31,50,'requested'),
(5,50,'requested'),
(5,21,'declined'),
(50,1,'unfriended'),
(35,5,'approved'),
(31,29,'declined'),
(15,28,'declined'),
(8,21,'unfriended'),
(21,34,'approved'),
(36,28,'unfriended'),
(37,41,'unfriended'),
(46,2,'declined'),
(11,19,'approved'),
(21,3,'approved'),
(46,16,'declined'),
(15,39,'requested'),
(30,31,'unfriended'),
(14,2,'requested'),
(9,37,'approved'),
(5,13,'approved'),
(35,9,'declined'),
(5,6,'requested'),
(48,19,'approved'),
(29,19,'approved'),
(23,29,'unfriended'),
(33,27,'unfriended'),
(6,13,'declined'),
(31,22,'approved'),
(27,25,'requested'),
(12,6,'requested'),
(5,27,'declined'),
(50,1,'unfriended'),
(4,17,'requested'),
(14,9,'unfriended'),
(32,11,'approved'),
(26,38,'requested'),
(38,13,'requested'),
(1,43,'approved'),
(32,19,'approved'),
(5,36,'unfriended'),
(24,22,'declined'),
(38,39,'approved'),
(19,42,'declined'),
(37,21,'approved'),
(26,30,'requested'),
(14,30,'requested'),
(45,14,'declined'),
(35,12,'approved'),
(44,41,'declined'),
(29,28,'declined'),
(12,5,'requested'),
(30,25,'approved');
-- friend_requests ok

-- likes
INSERT IGNORE INTO `likes` (`id`,`user_id`,`media_id`) VALUES 
(1,14,45),
(2,37,35),
(3,24,58),
(4,30,8),
(5,13,22),
(6,42,33),
(7,25,76),
(8,12,56),
(9,24,26),
(10,42,38),
(11,5,14),
(12,14,97),
(13,47,80),
(14,38,26),
(15,39,67),
(16,43,29),
(17,2,51),
(18,30,30),
(19,19,75),
(20,21,27),
(21,5,52),
(22,12,80),
(23,19,44),
(24,35,95),
(25,18,58),
(26,43,11),
(27,38,95),
(28,3,28),
(29,23,85),
(30,37,74),
(31,46,71),
(32,36,96),
(33,49,77),
(34,42,92),
(35,34,37),
(36,33,87),
(37,33,36),
(38,21,97),
(39,28,56),
(40,36,26),
(41,40,86),
(42,33,68),
(43,29,14),
(44,28,52),
(45,26,55),
(46,6,77),
(47,24,83),
(48,3,64),
(49,21,38),
(50,20,19),
(51,42,89),
(52,50,48),
(53,26,73),
(54,20,56),
(55,9,20),
(56,30,20),
(57,3,45),
(58,7,8),
(59,13,60),
(60,13,39),
(61,31,42),
(62,43,30),
(63,26,52),
(64,26,78),
(65,7,49),
(66,20,65),
(67,26,88),
(68,5,45),
(69,47,99),
(70,14,66),
(71,22,58),
(72,44,21),
(73,27,36),
(74,20,91),
(75,29,99),
(76,34,39),
(77,32,34),
(78,27,86),
(79,19,68),
(80,16,42),
(81,29,58),
(82,19,84),
(83,1,20),
(84,3,90),
(85,14,38),
(86,31,58),
(87,28,92),
(88,47,10),
(89,47,69),
(90,44,33),
(91,44,59),
(92,7,73),
(93,9,91),
(94,40,53),
(95,50,86),
(96,47,46),
(97,26,75),
(98,49,36),
(99,35,97),
(100,9,35);
-- likes ok


-- Написать скрипт, возвращающий список имен (только firstname) 
-- пользователей без повторений в алфавитном порядке
SELECT DISTINCT firstname FROM users ORDER BY firstname ASC;

/* Написать скрипт, отмечающий несовершеннолетних пользователей как неактивных 
(поле is_active = false). Предварительно добавить такое поле в таблицу profiles 
со значением по умолчанию = true (или 1)*/
ALTER TABLE profiles ADD COLUMN is_active BOOL DEFAULT 1;

UPDATE profiles 
SET is_active = 0
WHERE birthday >= NOW() - INTERVAL 18 YEAR;


-- Написать скрипт, удаляющий сообщения «из будущего» (дата больше сегодняшней)
DELETE FROM messages
WHERE created_at > NOW();
-- better to use because nothing gets deleted
ALTER TABLE messages ADD COLUMN is_deleted BIT DEFAULT 0;
UPDATE FROM messages
SET is_deleted = 1
WHERE created_at > NOW();




